-- MySQL Script generated by MySQL Workbench
-- Thu May 21 17:58:13 2020
-- Model: New Model    Version: 1.0
-- MySQL Workbench Forward Engineering

SET @OLD_UNIQUE_CHECKS=@@UNIQUE_CHECKS, UNIQUE_CHECKS=0;
SET @OLD_FOREIGN_KEY_CHECKS=@@FOREIGN_KEY_CHECKS, FOREIGN_KEY_CHECKS=0;
SET @OLD_SQL_MODE=@@SQL_MODE, SQL_MODE='ONLY_FULL_GROUP_BY,STRICT_TRANS_TABLES,NO_ZERO_IN_DATE,NO_ZERO_DATE,ERROR_FOR_DIVISION_BY_ZERO,NO_ENGINE_SUBSTITUTION';

-- -----------------------------------------------------
-- Schema computer_shop
-- -----------------------------------------------------

-- -----------------------------------------------------
-- Schema computer_shop
-- -----------------------------------------------------
CREATE SCHEMA IF NOT EXISTS `computer_shop` DEFAULT CHARACTER SET utf8 ;
USE `computer_shop` ;

-- -----------------------------------------------------
-- Table `computer_shop`.`categories`
-- -----------------------------------------------------
CREATE TABLE IF NOT EXISTS `computer_shop`.`categories` (
  `category_id` INT NOT NULL AUTO_INCREMENT,
  `category_name` VARCHAR(45) NOT NULL,
  PRIMARY KEY (`category_id`),
  UNIQUE INDEX `category_name_UNIQUE` (`category_name` ASC) VISIBLE)
ENGINE = InnoDB;


-- -----------------------------------------------------
-- Table `computer_shop`.`shops`
-- -----------------------------------------------------
CREATE TABLE IF NOT EXISTS `computer_shop`.`shops` (
  `shop_id` INT NOT NULL AUTO_INCREMENT,
  `address` VARCHAR(100) NOT NULL,
  PRIMARY KEY (`shop_id`),
  UNIQUE INDEX `address_UNIQUE` (`address` ASC) VISIBLE)
ENGINE = InnoDB;


-- -----------------------------------------------------
-- Table `computer_shop`.`products`
-- -----------------------------------------------------
CREATE TABLE IF NOT EXISTS `computer_shop`.`products` (
  `product_id` INT NOT NULL AUTO_INCREMENT,
  `name` VARCHAR(45) NOT NULL,
  `cost` DOUBLE NOT NULL,
  `category_id` INT NOT NULL,
  PRIMARY KEY (`product_id`),
  INDEX `fk_products_categories_idx` (`category_id` ASC) VISIBLE,
  CONSTRAINT `fk_products_categories`
    FOREIGN KEY (`category_id`)
    REFERENCES `computer_shop`.`categories` (`category_id`)
    ON DELETE NO ACTION
    ON UPDATE NO ACTION)
ENGINE = InnoDB;


-- -----------------------------------------------------
-- Table `computer_shop`.`shops_has_products`
-- -----------------------------------------------------
CREATE TABLE IF NOT EXISTS `computer_shop`.`shops_has_products` (
  `shop_id` INT NOT NULL,
  `product_id` INT NOT NULL,
  PRIMARY KEY (`shop_id`, `product_id`),
  INDEX `fk_shops_has_products_products1_idx` (`product_id` ASC) VISIBLE,
  INDEX `fk_shops_has_products_shops1_idx` (`shop_id` ASC) VISIBLE,
  CONSTRAINT `fk_shops_has_products_shops1`
    FOREIGN KEY (`shop_id`)
    REFERENCES `computer_shop`.`shops` (`shop_id`)
    ON DELETE NO ACTION
    ON UPDATE NO ACTION,
  CONSTRAINT `fk_shops_has_products_products1`
    FOREIGN KEY (`product_id`)
    REFERENCES `computer_shop`.`products` (`product_id`)
    ON DELETE NO ACTION
    ON UPDATE NO ACTION)
ENGINE = InnoDB;


-- -----------------------------------------------------
-- Table `computer_shop`.`description`
-- -----------------------------------------------------
CREATE TABLE IF NOT EXISTS `computer_shop`.`description` (
  `description_id` INT NOT NULL AUTO_INCREMENT,
  `maintainer` VARCHAR(45) NOT NULL,
  `characteristics` VARCHAR(200) NULL,
  `product_id` INT NOT NULL,
  PRIMARY KEY (`description_id`),
  INDEX `fk_description_products1_idx` (`product_id` ASC) VISIBLE,
  CONSTRAINT `fk_description_products1`
    FOREIGN KEY (`product_id`)
    REFERENCES `computer_shop`.`products` (`product_id`)
    ON DELETE NO ACTION
    ON UPDATE NO ACTION)
ENGINE = InnoDB;


SET SQL_MODE=@OLD_SQL_MODE;
SET FOREIGN_KEY_CHECKS=@OLD_FOREIGN_KEY_CHECKS;
SET UNIQUE_CHECKS=@OLD_UNIQUE_CHECKS;

-- -----------------------------------------------------
-- Data for table `computer_shop`.`categories`
-- -----------------------------------------------------
START TRANSACTION;
USE `computer_shop`;
INSERT INTO `computer_shop`.`categories` (`category_id`, `category_name`) VALUES (1, 'Computer');
INSERT INTO `computer_shop`.`categories` (`category_id`, `category_name`) VALUES (2, 'Laptop');
INSERT INTO `computer_shop`.`categories` (`category_id`, `category_name`) VALUES (3, 'Monitor');
INSERT INTO `computer_shop`.`categories` (`category_id`, `category_name`) VALUES (4, 'CPU');
INSERT INTO `computer_shop`.`categories` (`category_id`, `category_name`) VALUES (5, 'GPU');
INSERT INTO `computer_shop`.`categories` (`category_id`, `category_name`) VALUES (6, 'RAM');
INSERT INTO `computer_shop`.`categories` (`category_id`, `category_name`) VALUES (7, 'Motherboard');
INSERT INTO `computer_shop`.`categories` (`category_id`, `category_name`) VALUES (8, 'Power_supply');

COMMIT;


-- -----------------------------------------------------
-- Data for table `computer_shop`.`shops`
-- -----------------------------------------------------
START TRANSACTION;
USE `computer_shop`;
INSERT INTO `computer_shop`.`shops` (`shop_id`, `address`) VALUES (1, 'Kharkiv,Pushkinska st., 67');
INSERT INTO `computer_shop`.`shops` (`shop_id`, `address`) VALUES (2, 'Kiev, Khreshchatyk st., 23');
INSERT INTO `computer_shop`.`shops` (`shop_id`, `address`) VALUES (3, 'Lviv, Derevyanko st., 42');

COMMIT;


-- -----------------------------------------------------
-- Data for table `computer_shop`.`products`
-- -----------------------------------------------------
START TRANSACTION;
USE `computer_shop`;
INSERT INTO `computer_shop`.`products` (`product_id`, `name`, `cost`, `category_id`) VALUES (1, 'Macbook Pro ', 120000, 2);
INSERT INTO `computer_shop`.`products` (`product_id`, `name`, `cost`, `category_id`) VALUES (2, 'Asus monoblock', 20000, 1);
INSERT INTO `computer_shop`.`products` (`product_id`, `name`, `cost`, `category_id`) VALUES (3, 'Samsung monitor', 5000, 3);
INSERT INTO `computer_shop`.`products` (`product_id`, `name`, `cost`, `category_id`) VALUES (4, 'LG monitor', 10000, 3);
INSERT INTO `computer_shop`.`products` (`product_id`, `name`, `cost`, `category_id`) VALUES (5, 'AMD athlon X64', 3000, 4);
INSERT INTO `computer_shop`.`products` (`product_id`, `name`, `cost`, `category_id`) VALUES (6, 'Intel xeon ', 30000, 4);
INSERT INTO `computer_shop`.`products` (`product_id`, `name`, `cost`, `category_id`) VALUES (7, 'GeForce RTX 2080', 30000, 5);
INSERT INTO `computer_shop`.`products` (`product_id`, `name`, `cost`, `category_id`) VALUES (8, 'Radeon RX5800', 20000, 5);
INSERT INTO `computer_shop`.`products` (`product_id`, `name`, `cost`, `category_id`) VALUES (9, 'Hyperx Fury ', 8000, 6);
INSERT INTO `computer_shop`.`products` (`product_id`, `name`, `cost`, `category_id`) VALUES (10, 'Asus z370', 5000, 7);
INSERT INTO `computer_shop`.`products` (`product_id`, `name`, `cost`, `category_id`) VALUES (11, 'Chieftec 700w', 7000, 8);

COMMIT;


-- -----------------------------------------------------
-- Data for table `computer_shop`.`shops_has_products`
-- -----------------------------------------------------
START TRANSACTION;
USE `computer_shop`;
INSERT INTO `computer_shop`.`shops_has_products` (`shop_id`, `product_id`) VALUES (1, 1);
INSERT INTO `computer_shop`.`shops_has_products` (`shop_id`, `product_id`) VALUES (1, 2);
INSERT INTO `computer_shop`.`shops_has_products` (`shop_id`, `product_id`) VALUES (1, 3);
INSERT INTO `computer_shop`.`shops_has_products` (`shop_id`, `product_id`) VALUES (1, 5);
INSERT INTO `computer_shop`.`shops_has_products` (`shop_id`, `product_id`) VALUES (1, 8);
INSERT INTO `computer_shop`.`shops_has_products` (`shop_id`, `product_id`) VALUES (2, 1);
INSERT INTO `computer_shop`.`shops_has_products` (`shop_id`, `product_id`) VALUES (2, 2);
INSERT INTO `computer_shop`.`shops_has_products` (`shop_id`, `product_id`) VALUES (2, 10);
INSERT INTO `computer_shop`.`shops_has_products` (`shop_id`, `product_id`) VALUES (2, 11);
INSERT INTO `computer_shop`.`shops_has_products` (`shop_id`, `product_id`) VALUES (2, 9);
INSERT INTO `computer_shop`.`shops_has_products` (`shop_id`, `product_id`) VALUES (2, 7);
INSERT INTO `computer_shop`.`shops_has_products` (`shop_id`, `product_id`) VALUES (3, 6);
INSERT INTO `computer_shop`.`shops_has_products` (`shop_id`, `product_id`) VALUES (3, 7);
INSERT INTO `computer_shop`.`shops_has_products` (`shop_id`, `product_id`) VALUES (3, 8);

COMMIT;


-- -----------------------------------------------------
-- Data for table `computer_shop`.`description`
-- -----------------------------------------------------
START TRANSACTION;
USE `computer_shop`;
INSERT INTO `computer_shop`.`description` (`description_id`, `maintainer`, `characteristics`, `product_id`) VALUES (1, 'China', 'CPU: i7 8750h, GPU: RX 580 4 GB', 1);
INSERT INTO `computer_shop`.`description` (`description_id`, `maintainer`, `characteristics`, `product_id`) VALUES (2, 'China', 'CPU: i5 9300 GPU: GeForce 660', 2);
INSERT INTO `computer_shop`.`description` (`description_id`, `maintainer`, `characteristics`, `product_id`) VALUES (3, 'South Korea', 'Diagonal: 19\' , VA', 3);
INSERT INTO `computer_shop`.`description` (`description_id`, `maintainer`, `characteristics`, `product_id`) VALUES (4, 'South Korea', 'Diagonal: 27 \' , IPS, 120 Hz', 4);
INSERT INTO `computer_shop`.`description` (`description_id`, `maintainer`, `characteristics`, `product_id`) VALUES (5, 'China', '2 cores, 3.5 Ghz', 5);
INSERT INTO `computer_shop`.`description` (`description_id`, `maintainer`, `characteristics`, `product_id`) VALUES (6, 'China', '8 cores, 2.8 - 3.8 Ghz', 6);
INSERT INTO `computer_shop`.`description` (`description_id`, `maintainer`, `characteristics`, `product_id`) VALUES (7, 'China', '8GB, GDDR6', 7);
INSERT INTO `computer_shop`.`description` (`description_id`, `maintainer`, `characteristics`, `product_id`) VALUES (8, 'China', '8GB,GDDR6', 8);
INSERT INTO `computer_shop`.`description` (`description_id`, `maintainer`, `characteristics`, `product_id`) VALUES (9, 'USA', '16GB,3100 MHz', 9);
INSERT INTO `computer_shop`.`description` (`description_id`, `maintainer`, `characteristics`, `product_id`) VALUES (10, 'China', 'Socket: 1151, 1x GPU', 10);
INSERT INTO `computer_shop`.`description` (`description_id`, `maintainer`, `characteristics`, `product_id`) VALUES (11, 'China', 'Atx20 + 4pin', 11);

COMMIT;

